"","plot","mean.height","transect.length","mode.el","height.2","max.el","mode.2","max.can.ht","mean.max.ht","mean.vai","max.vai","deep.gaps","porosity","std.std","mean.std","rugosity","top.rugosity","plot","mean.return.ht","sd.return.ht","sky.fraction","cover.fraction","max.ht","scan.density","rumple","clumping.index"
"1","ac_104.CSV",8.12181783701082,50,6.64,3.94068006934613,21,3.94846805736098,21.484,13.6452,6.95755043364363,8.01773835920177,3,0.711818181818182,142.581108280815,7.8323796047105,9.01304266097362,6.25323562613135,"ac_104.CSV",8.35543185185185,4.29041734854295,9.76438478248761,90.2356152175124,21.484,359.16,4.5,0.937325720227727
