"","plot","mean.height","transect.length","mode.el","height.2","max.el","mode.2","max.can.ht","mean.max.ht","mean.vai","max.vai","deep.gaps","porosity","std.std","mean.std","rugosity","top.rugosity","plot","mean.return.ht","sd.return.ht","sky.fraction","cover.fraction","max.ht","scan.density","rumple","clumping.index"
"1","ac_103.CSV",11.4987583479675,30,10.5333333333333,4.80993132872395,20,5.97624928827066,23.286,17.8433333333333,5.76063830747405,8.40776699029126,0,0.7125,410.426017522585,13.7863042687986,14.8446566861848,4.90696044222991,"ac_103.CSV",11.6599177068306,6.12051867621453,10.913053196245,89.086946803755,23.286,596.633333333333,3.43333333333333,0.942059766216692
