"","plot","mean.height","transect.length","mode.el","height.2","max.el","mode.2","max.can.ht","mean.max.ht","mean.vai","max.vai","deep.gaps","porosity","std.std","mean.std","rugosity","top.rugosity","plot","mean.return.ht","sd.return.ht","sky.fraction","cover.fraction","max.ht","scan.density","rumple","clumping.index"
"1","red_pine_plain1.CSV",16.6921744524999,30,16.4333333333333,1.75280356942795,19,2.66687499186261,21.491,18.9694333333333,4.16833313216352,8.05647058823529,0,0.684848484848485,17.2383670170645,3.43714990901568,2.32902716171754,0.94442603198189,"red_pine_plain1.CSV",15.6994049137284,2.65020430645376,18.5021016431028,81.4978983568972,21.491,436.266666666667,1.8,0.548031740623452
