"","plot","mean.height","transect.length","mode.el","height.2","max.el","mode.2","max.can.ht","mean.max.ht","mean.vai","max.vai","deep.gaps","porosity","std.std","mean.std","rugosity","top.rugosity","plot","mean.return.ht","sd.return.ht","sky.fraction","cover.fraction","max.ht","scan.density","rumple","clumping.index"
"1","ltreb_bp_54_1.CSV",10.2423002652733,40,9.075,3.70731496202003,15,4.90605493242789,18.312,14.6394,4.81891987704345,8.17288801571709,0,0.657894736842105,201.613972103345,9.60192372730337,10.4602596926842,2.65403091396986,"ltreb_bp_54_1.CSV",9.38996926993901,4.73398705337741,15.8621033228715,84.1378966771285,18.312,501.925,2.85,0.838770781310815
