"","plot","mean.height","transect.length","mode.el","height.2","max.el","mode.2","max.can.ht","mean.max.ht","mean.vai","max.vai","deep.gaps","porosity","std.std","mean.std","rugosity","top.rugosity","plot","mean.return.ht","sd.return.ht","sky.fraction","cover.fraction","max.ht","scan.density","rumple","clumping.index"
"1","rp97_2.CSV",2.34889870720795,40,2.175,2.78985460268617,9,2.71005073753242,10.365,2.553825,1.32293114469456,8.30931458699473,19,0.831818181818182,0.625169189422794,0.403188976503041,0.680152805367459,3.30172028888361,"rp97_2.CSV",4.04148976700252,2.3303865917556,69.1755228805746,30.8244771194254,10.365,515.275,2.175,0.966884517891478
